0;0;0;0;x;x;    
1;126;201;24;Gran;Canaria;x;
2;92;93;11;sea_canarias;x;
3;3;87;87;b_CapeMasun;x;
4;4;46;46;b_QamiyaCity;x;
5;6;34;34;b_QamiyaCastle;x;
6;5;26;26;b_QamiyaTemple;x;
7;2;16;16;b_QamiyaHolding;x;
8;3;11;134;b_MukantagarasTemples;x;
9;6;12;76;b_MukantagarasHolding;x;
10;18;27;94;b_MukantagarasCastle;x;
11;75;4;4;b_Nirine_IretuLeft;x;
12;28;0;0;b_Nirine_iretuRight;x;
13;124;23;2;b_NirineHajiaoCastle;x;
14;255;32;0;b_NirineHajiaoHill;x;
15;230;62;4;b_NirineHajiaoSpa;x;
16;3;59;17;b_aashkotis1;x;
17;4;82;23;b_aashkotis2;x;
18;6;97;29;b_aashkotis3;x;
19;17;13;55;b_Ebonimembal1;x;
20;12;8;48;b_Ebonimembal2;x;
21;11;8;37;b_Ebonimembal3;x;
22;80;66;191;b_Ebonimembal4;x;
23;21;12;1;b_DjinnsManorTemple;x;
24;34;18;0;b_DjinnsManorVillage;x;
25;49;27;1;b_DjinnsManorHolding;x;
26;83;42;1;b_DjinnsManorSection;x;
27;5;118;3;b_DjunseStables;x;
28;2;83;1;b_DjunseCity;x;
29;2;60;1;b_DjunseHolding;x;
30;37;10;3;b_KhamenManor;x;
31;42;11;1;b_KhamenExpanded1;x;
32;34;7;0;b_KhamenExpanded2;x;
33;128;3;132;b_OramanPass;x;
34;88;1;91;b_OramanHolding;x;
35;59;3;60;b_OromanBridge;x;
36;67;2;224;b_AlQamiyasFarm;x;
37;75;7;221;b_AlQamiyasHold;x;
38;7;83;74;b_Anopis;x;
39;4;118;103;b_MenatKahunCity;x;
40;21;124;113;b_MenatKahunHolding;x;
41;3;64;17;b_HewepetNatir;x;
42;1;26;7;b_FourSagesMosqueVillage;x;
43;2;47;12;b_OramanBridge;x;
44;1;61;13;b_FourSagesMosqueHolding;x;
45;11;69;102;b_Yenedu1;x;
46;6;46;70;b_Yenedu2;x;
47;2;30;49;b_Yenedu3;x;
48;3;24;37;b_Yenedu4;x;
49;9;7;4;b_NekalNedu1;x;
50;22;94;8;b_NekalNedu2;x;
51;46;108;2;b_Osaro;x;
52;61;126;7;b_NirineBetu1;x;
53;30;64;3;b_NirineBetu2;x;
54;50;69;57;b_Tlallteyotlan1;x;
55;24;31;27;b_Tlallteyotlan2;x;
56;148;170;6;b_PiMedjay;x;
57;229;255;31;b_PiMedjayPass;x;
58;113;132;2;b_PiMedjayCastle;x;
59;59;46;3;b_Nashurforest;x;
60;93;75;10;b_NashurPlain;x;
61;134;111;19;b_NashurHolding;x;
62;194;159;23;b_Balim;x;
63;241;195;23;b_BalimHolding;x;
64;179;22;22;b_Vamorak1;x;
65;61;0;0;b_Vamorak2;x;
66;39;3;3;b_Vamorak3;x;
67;219;0;0;b_Vamorak4;x;
68;118;8;150;b_AlHamama1;x;
69;129;13;161;b_AlHamama2;x;
70;186;28;227;b_AlHamamaCastle;x;
71;1;5;17;b_Lavar1;x;
72;1;7;28;b_Lavar2;x;
73;1;9;53;b_Lavar3;x;
74;83;38;1;b_Kittarius1;x;
75;130;59;2;b_Kittarius2;x;
76;214;105;8;b_Kittarius3;x;
77;9;165;6;b_CarnedaoFjordlandTemple;x;
78;12;214;8;b_CarnedaoFjordlandsHolding;x;
79;27;189;22;b_CarnedaoFjordlandsEmpty;x;
80;3;24;3;b_Karneidao;x;
81;179;1;83;b_Sarlatova1;x;
82;230;3;111;b_Sarlatova2;x;
83;170;3;83;b_Sarlatova3;x;
84;7;191;88;b_Issykeknahkatown1;x;
85;1;25;12;b_Issykeknahkatown2;x;
86;4;45;23;b_Issykeknahkatown3;x;
87;6;14;28;b_GottrianLowlands1;x;
88;8;28;73;b_GottrianLowlands2;x;
89;13;40;102;b_GottrianLowlands3;x;
90;209;87;31;b_Iretpi;x;
91;26;4;66;b_GottrickBlackwaterMonastary;x;
92;42;5;112;b_GottrianBlackwaterForge;x;
93;10;1;30;b_GottrianBlackwaterGreatHall;x;
94;8;24;17;b_Exousia1;x;
95;13;54;35;b_Exousia2;x;
96;11;82;47;b_Exousia3;x;
97;47;108;82;b_Exousia4;x;
98;12;2;30;b_GottrianBlackwaterPass;x;
99;242;253;76;b_KeditTribe1;x;
100;138;147;22;b_KeditTribe2;x;
101;238;253;34;b_KeditTribe3;x;
102;18;2;148;b_Beletea1;x;
103;25;3;198;b_Beletea2;x;
104;17;5;198;b_Beletea3;x;
105;23;214;56;b_Tyalu1;x;
106;6;204;32;b_Tyalu2;x;
107;12;227;43;b_Tyalu3;x;
108;3;186;24;b_Tyalu4;x;
109;9;168;33;b_Tyalu5;x;
110;3;29;56;b_Pripyat1;x;
111;2;18;36;b_Pripyat2;x;
112;6;36;64;b_Pripyat3;x;
113;16;69;115;b_Pripyat4;x;
114;7;45;83;b_Pripyat5;x;
115;1;25;55;b_Pripyat6;x;
116;35;117;91;b_nedimpiCastle;x;
117;96;0;0;b_NewBetaburgCastle;x;
118;60;1;1;b_NewBetaburgCity;x;
119;159;156;31;b_Zeyu1;x;
120;184;181;36;b_Zeyu1;x;
121;200;196;39;b_Zeyu3;x;
122;23;26;22;b_ErumeYuansharla1;x;
123;41;46;39;b_ErumeYuansharla2;x;
124;56;63;53;b_ErumeYuansharla3;x;
125;70;79;67;b_Al-Tsharliz;x;
126;122;57;105;b_Ersiualmirsikh1 ;x;
127;102;48;87;b_Ersiualmirsikh2;x;
128;80;38;69;b_Ersiualmirsikh3;x;
129;3;40;6;b_Minaalamal1;x;
130;4;59;9;b_Minaalamal2;x;
131;5;73;11;b_Minaalamal3;x;
132;7;98;15;b_Minaalamal4;x;
133;9;115;17;b_Minaalamal5;x;
134;218;97;97;b_AesperiiSenebu1;x;
135;197;88;88;b_AesperiiSenebu2;x;
136;178;80;80;b_AesperiiSenebu3;x;
137;111;255;239;b_Pillarsofthedesert;x;
138;6;0;19;b_DjinnsBottle1;x;
139;12;0;35;b_DjinnsBottle2;x;
140;18;0;54;b_DjinnsBottle3;x;
141;112;3;11;b_Kahulwahah1;x;
142;163;4;16;b_Kahulwahah2;x;
143;100;204;7;b_OldSyndiiRoad1;x;
144;84;171;6;b_OldSyndiiRoad2;x;
145;71;144;5;b_OldSyndiiRoad3;x;
146;199;98;45;b_MeruviasShores1;x;
147;199;79;27;b_MeruviasShores2;x;
148;216;86;29;b_MeruviasShores3;x;
149;32;23;2;b_EnkrahsMark1;x;
150;19;13;1;b_EnkrahsMark2;x;
151;180;4;18;b_Kahulwahah3;x;
152;26;7;3;b_IvorasPalm1;x;
153;19;5;2;b_IvorasPalm2;x;
154;33;8;4;b_IvorasPalm3;x;
155;33;16;10;b_PrincipiumsCrossing1;x;
156;54;26;16;b_PrincipiumsCrossing2;x;
157;247;41;11;b_Principium1;x;
158;230;31;11;b_Principium2;x;
159;229;49;11;b_Principium3;x;
160;37;217;228;b_DomarisWatch;x;
161;0;1;80;b_StoneCircles1;x;
162;0;1;100;b_StoneCircles2;x;
163;22;53;16;b_Formendar1;x;
164;26;64;19;b_Formendar2;x;
165;34;83;25;b_Formendar3;x;
166;17;74;0;b_Magrivune1;x;
167;22;97;0;b_Magrivune2;x;
168;27;119;0;b_Magrivune3;x;
169;30;130;0;b_Magrivune4;x;
170;112;3;27;b_Rímamirill1;x;
171;135;4;33;b_Rímamirill2;x;
172;53;1;1;b_ElEreket1;x;
173;8;0;0;b_ElEreket2;x;
174;5;0;0;b_ElEreket3;x;
175;49;58;129;b_Tuscumbia1;x;
176;38;45;101;b_Tuscumbia2;x;
177;25;30;66;b_Tuscumbia3;x;
178;30;35;78;b_Tuscumbia4;x;
179;55;175;123;b_BetuKhalMiandim1;x;
180;48;153;107;b_BetuKhalMiandim2;x;
181;35;112;78;b_BetuKhalMiandim3;x;
182;115;34;82;b_Dennu-iret1;x;
183;88;26;62;b_Dennu-iret2;x;
184;73;21;52;b_Dennu-iret3;x;
185;13;15;40;b_Raktronia1;x;
186;7;9;23;b_Raktronia2;x;
187;165;10;10;b_TheMiandiTemple1;x;
188;136;8;8;b_TheMiandiTemple2;x;
189;119;7;7;b_TheMiandiTemple3;x;
190;0;39;77;b_KidatRiver1;x;
191;0;49;98;b_KidatRiver2;x;
192;85;175;6;b_PikhalAarnabur1;x;
193;70;144;5;b_PikhalAarnabur2;x;
194;54;112;4;b_PikhalAarnabur3;x;
195;91;8;3;b_ElSawiya1;x;
196;70;6;2;b_ElSawiya2;x;
197;50;4;2;b_ElSawiya3;x;
198;37;3;1;b_ElSawiya4;x;
199;19;2;1;b_XinKarneinor;x;
200;10;10;4;b_DennukhIret1;x;
201;22;22;9;b_DennukhIret2;x;
202;38;38;15;b_DennukhIret3;x;
203;8;8;1;b_TravellersTemple1;x;
204;22;22;3;b_TravellersTemple2;x;
205;38;38;5;b_TravellersTemple3;x;
206;80;3;0;b_TiyarRhajat1;x;
207;93;3;0;b_TiyarRhajat2;x;
208;57;2;0;b_TiyarRhajat3;x;
209;18;35;15;b_AashiasGaze1;x;
210;5;9;5;b_AashiasGaze2;x;
211;17;39;1;b_AashiasGaze3;x;
212;116;199;11;b_PeakOfNedu1;x;
213;119;12;34;b_PeakOfNedu2;x;
214;156;25;54;b_PeakOfNedu3;x;
215;23;8;8;b_ElBeniwara;x;
216;40;15;15;b_Listemeril;x;
217;4;7;5;b_Dennura1;x;
218;8;44;19;b_Dennura2;x;
219;3;0;30;b_TempleOfAarnab1;x;
220;5;0;30;b_TempleOfAarnab2;x;
221;7;0;30;b_TempleOfAarnab3;x;
222;175;2;168;b_Eteshu1;x;
223;134;2;129;b_Eteshu2;x;
224;152;2;146;b_Eteshu3;x;
225;66;137;126;b_KadutMounds1;x;
226;84;175;161;b_KadutMounds2;x;
227;72;150;138;b_KadutMounds3;x;
228;0;13;7;b_Ohros1;x;
229;0;6;4;b_Ohros2;x;
230;49;8;2;b_ElKadut1;x;
231;134;31;10;b_ElKadut2;x;
232;86;19;6;b_ElKadut3;x;
233;68;174;255;b_HampoPass1;x;
234;48;122;179;b_HampoPass2;x;
235;1;13;3;b_KadutVillage1;x;
236;2;14;4;b_KadutVillage2;x;
237;6;24;9;b_KadutVillage3;x;
238;9;48;48;b_LowerHampoPass1;x;
239;8;39;39;b_LowerHampoPass2;x;
240;146;8;10;b_JungsaiVillage1;x;
241;167;9;11;b_JungsaiVillage2;x;
242;154;8;10;b_JungsaiVillage3;x;
243;20;11;9;b_Attazeria1;x;
244;15;8;7;b_Attazeria2;x;
245;26;14;12;b_Attazeria3;x;
246;8;20;0;b_SarakwahWay1;x;
247;9;22;0;b_SarakwahWay2;x;
248;53;1;0;b_Mutawakh1;x;
249;37;1;0;b_Mutawakh2;x;
250;27;1;0;b_Mutawakh3;x;
251;189;22;148;b_Haegiel1;x;
252;203;24;159;b_Haegiel2;x;
253;174;20;136;b_Haegiel3;x;
254;193;23;151;b_Haegiel4;x;
255;234;28;183;b_Haegiel5;x;
256;187;28;246;b_SouthernHaegiel1;x;
257;167;20;172;b_SouthernHaegiel2;x;
258;177;27;233;b_SouthernHaegiel3;x;
259;168;25;221;b_SouthernHaegiel4;x;
260;18;70;203; b_HaegielPass1;x;
261;17;64;185; b_HaegielPass2;x;
262;69;24;197;b_AlumBadlands1;x;
263;73;26;210;b_AlumBadlands2;x;
264;82;29;235;b_AlumBadlands3;x;
265;112;30;235;b_Heimsk1;x;
266;105;28;221;b_Heimsk2;x;
267;97;24;206;b_Heimsk3;x;
268;99;124;218;b_AlumHighlands1;x;
269;107;134;235;b_AlumHighlands2;x;
270;90;113;198;b_AlumHighlands3;x;
271;224;0;137;b_Nadzjieja1;x;
272;193;0;118;b_Nadzjieja2;x;
273;178;2;110;b_Nadzjieja3;x;
274;39;29;235;b_Syrosidesert1;x;
275;34;25;206;b_Syrosidesert2;x;
276;37;28;225;b_Syrosidesert3;x;
277;37;178;160;b_Luxor1;x;
278;33;159;143;b_Luxor2;x;
279;32;152;137;b_Luxor3;x;
280;77;235;85;b_Syros1;x;
281;57;176;64;b_Syros2;x;
282;72;221;80;b_Syros3;x;
283;66;201;73;b_Syros4;x;
284;66;235;217;b_Ravenhills1;x;
285;45;161;149;b_Ravenhills2;x;
286;52;185;171;b_Ravenhills3;x;
287;122;69;201;b_ShanPark1;x;
288;113;64;186;b_ShanPark2;x;
289;199;205;34;b_ForeignQuarter1 ;x;
290;228;235;39;b_ForeignQuarter2;x;
291;14;141;53;b_Balreska1 ;x;
292;26;186;75;b_Balreska2;x;
293;23;163;66;b_Balreska3;x;
294;22;156;63;b_Balreska4;x;
295;186;65;32;b_DuckIsland1;x;
296;175;61;31;b_DuckIsland2;x;
297;159;55;28;b_DuckIsland3;x;
298;147;51;26;b_DuckIsland4;x;
299;246;94;119;b_DeutzanHill1;x;
300;217;83;105;b_DeutzanHill2;x;
301;137;67;15;b_Soluna1;x;
302;157;76;17;b_Soluna2;x;
303;151;73;15;b_Soluna3;x;
304;123;59;12;b_Soluna4;x;
305;175;21;43;b_Kaline1;x;
306;144;14;32;b_Kaline2;x;
307;157;17;36;b_Kaline3;x;
308;170;27;46;b_Kaline4;x;
309;55;13;125;b_AvalitiaPath1;x;
310;50;13;112;b_AvalitiaPath2;x;
311;73;222;33;b_OlaraPath1;x;
312;76;239;33;b_OlaraPath2;x;
313;70;222;30;b_OlaraPath3;x;
314;134;13;142;b_Amyalande1;x;
315;148;20;157;b_Amyalande2;x;
316;148;10;157;b_Amyalande3;x;
317;142;20;150;b_Amyalande4;x;
318;157;10;106;b_Algar1;x;
319;168;11;114;b_Algar2;x;
320;203;10;137;b_Algar3;x;
321;16;200;43;b_Ysideria1;x;
322;12;184;37;b_Ysideria2;x;
323;27;185;50;b_Ysideria3;x;
324;15;84;14;b_Luã1;x;
325;14;80;13;b_Luã2;x;
326;13;72;12;b_Luã3;x;
327;120;3;3;b_Blijadushnik1;x;
328;130;5;5;b_Blijadushnik2;x;
329;3;41;43;b_Haldum1;x;
330;4;50;52;b_Haldum2;x;
331;4;58;60;b_Haldum3;x;
332;6;74;77;b_Haldum4;x;
333;6;7;81;b_Kale1;x;
334;5;7;66;b_Kale2;x;
335;5;6;54;b_Kale3;x;
336;9;11;74;b_Kale4;x;
337;63;184;40;b_AlIzula1;x;
338;73;207;47;b_AlIzula2;x;
339;67;196;42;b_AlIzula3;x;
340;60;175;38;b_AlIzula4;x;
341;102;109;21;b_Nanseong1;x;
342;123;132;24;b_Nanseong2;x;
343;145;155;30;b_Nanseong3;x;
344;136;145;28;b_Nanseong4;x;
345;143;152;29;b_Nanseong5;x;
346;33;188;40;b_Ayashuri1;x;
347;36;202;44;b_Ayashuri2;x;
348;31;176;38;b_Ayashuri3;x;
349;32;187;40;b_Ayashuri4;x;
350;105;99;48;b_Ayashuri5;x;
351;80;144;28;b_Goltu1;x;
352;66;120;23;b_Goltu2;x;
353;64;120;18;b_Goltu3;x;
354;10;152;67;b_Asa1;x;
355;13;181;80;b_Asa2;x;
356;17;197;89;b_Asa3;x;
357;116;32;13;b_Tashili1;x;
358;132;36;14;b_Tashili2;x;
359;142;39;16;b_Tashili3;x;
360;123;33;13;b_Tashili4;x;
361;44;36;83;b_Maha1;x;
362;35;27;74;b_Maha2;x;
363;24;18;52;b_Maha3;x;
364;29;185;183;b_Daekan1;x;
365;26;214;212;b_Daekan2;x;
366;50;13;50;b_Yiyen1;x;
367;77;20;78;b_Yiyen2;x;
368;13;29;50;b_Kitoha1;x;
369;9;21;36;b_Kitoha2;x;
370;5;15;27;b_Kitoha3;x;
371;16;39;68;b_Kitoha4;x;
372;22;82;11;b_Ha1;x;
373;24;89;12;b_Ha2;x;
374;20;73;10;b_Ha3;x;
375;186;142;56;b_Hapass1;x;
376;248;188;73;b_Hapass2;x;
377;11;187;114;b_NecuaHopolos1;x;
378;18;202;126;b_NecuaHopolos2;x;
379;11;195;119;b_NecuaHopolos3;x;
380;18;158;100;b_NecuaHopolos4;x;
381;12;177;16;b_Seongji1;x;
382;10;156;14;b_Seongji2;x;
383;25;11;72;b_Hanustandor1;x;
384;25;9;77;b_Hanustandor2;x;
385;20;7;64;b_Hanustandor3;x;
386;22;7;72;b_Hanustandor4;x;
387;23;8;71;b_Hanustandor5;x;
388;43;118;33;b_LingwiPlains1;x;
389;40;108;32;b_LingwiPlains2;x;
390;52;138;41;b_LingwiPlains3;x;
391;60;27;184;b_AshurasPath1;x;
392;80;49;200;b_AshurasPath2;x;
393;225;86;92;b_PathOfYiyen1;x;
394;239;97;104;b_PathOfYiyen2;x;
395;216;77;83;b_PathOfYiyen3;x;
396;28;125;153;b_HaAngaBayouWay1;x;
397;29;142;175;b_HaAngaBayouWay2;x;
398;27;149;184;b_HaAngaBayouWay3;x;
399;12;78;69;b_UpperNabut1;x;
400;10;70;62;b_UpperNabut2;x;
401;11;72;64;b_UpperNabut3;x;
402;30;54;94;b_TamakanEdge1;x;
403;19;47;94;b_TamakanEdge2;x;
404;93;20;67;b_Ravenburg1;x;
405;87;24;64;b_Ravenburg2;x;
406;78;14;55;b_Ravenburg3;x;
407;54;165;83;b_ChaosIsland;x;
408;68;192;97;b_ValeRiver1;x;
409;102;205;124;b_ValeRiver2;x;
410;45;79;20;b_HoàngKhánh1;x;
411;41;75;15;b_HoàngKhánh2;x;
412;16;68;91;b_KidatRiver1;x;
413;13;59;80;b_KidatRiver2;x;
414;11;53;72;b_KidatRiver3;x;
415;62;144;65;b_Mavna1;x;
416;66;157;70;b_Mavna2;x;
417;69;164;73;b_Mavna3;x;
418;54;72;11;b_KidatLand1;x;
419;48;66;6;b_KidatLand2;x;
420;98;101;61;b_Lingwilocendur1;x;
421;99;102;64;b_Lingwilocendur2;x;
422;116;121;67;b_Lingwilocendur3;x;
423;80;118;215;b_NirrineTaku1;x;
424;53;98;214;b_NirrineTaku2;x;
425;69;109;214;b_NirrineTaku3;x;
426;117;214;53;b_Zewischshills1;x;
427;105;190;49;b_Zewischshills2;x;
428;112;206;50;b_Zewischshills3;x;
429;63;131;163;b_Bimurawa1;x;
430;54;143;184;b_Bimurawa2;x;
431;51;155;203;b_Bimurawa3;x;
432;227;40;106;b_WestTortoisehills1;x;
433;202;57;106;b_WestTortoisehills2;x;
434;34;72;60;b_Alum1;x;
435;29;60;50;b_Alum2;x;
436;24;46;39;b_Alum3;x;
437;29;65;53;b_Alum4;x;
438;40;97;43;b_Gehirn1;x;
439;45;108;49;b_Gehirn2;x;
440;53;126;57;b_Gehirn3;x;
441;35;85;38;b_Gehirn4;x;
442;7;39;8;b_Tahat1;x;
443;10;59;12;b_Tahat2;x;
444;8;45;10;b_Tahat3;x;
445;70;42;99;b_Chichiltik1;x;
446;77;46;109;b_Chichiltik2;x;
447;80;48;113;b_Chichiltik3;x;
448;86;53;120;b_Chichiltik4;x;
449;31;63;7;b_FortGaneffevia1;x;
450;38;77;9;b_FortGaneffevia2;x;
451;34;70;8;b_FortGaneffevia3;x;
452;94;236;161;b_SwampFoxKey;x;
453;94;236;191;b_SwampFoxInlet;x;
454;94;236;168;b_BigOrchidIsland;x;
455;94;236;178;b_LittleOrchidIsland;x;
456;137;236;94;b_YiyensWay1;x;
457;126;216;86;b_YiyensWay2;x;
458;154;236;94;b_WitchsWay1;x;
459;149;211;81;b_WitchsWay2;x;
460;157;220;89;b_WitchsWay3;x;
461;103;213;84;b_HunshuiLagoon1;x;
462;114;236;94;b_HunshuiLagoon2;x;
463;82;181;66;b_HunshuiLagoon3;x;
464;91;194;74;b_HunshuiLagoon4;x;
465;63;160;74;b_AlmadorianStoneCircles1;x;
466;66;187;80;b_AlmadorianStoneCircles2;x;
467;72;196;87;b_AlmadorianStoneCircles3;x;
468;74;206;89;b_AlmadorianStoneCircles4;x;
469;83;154;209;b_Helemar;x;
470;94;174;236;b_HloamarShipYard;x;
471;89;166;225;b_Hloamar;x;
472;88;162;219;b_HloamarMines;x;
473;69;109;176;b_HelemarBeach1;x;
474;76;121;197;b_HelemarBeach2;x;
475;85;134;217;b_HelemarBeach3;x;
476;212;170;81;b_HelemarBayou1;x;
477;203;162;75;b_HelemarBayou2;x;
478;92;217;229;b_SheepsKey;x;
479;30;37;165;b_AlligatorsBayou1;x;
480;31;38;182;b_AlligatorsBayou2;x;
481;35;42;194;b_AlligatorsBayou3;x;
482;80;137;232;b_AlamadorianTower1;x;
483;64;113;195;b_AlamadorianTower2;x;
484;53;91;156;b_AlamadorianTower3;x;
485;74;126;214;b_AlamadorianTower4;x;
486;104;87;213;b_Plagateamar1;x;
487;110;91;227;b_Plagateamar2;x;
488;104;85;217;b_Plagateamar3;x;
489;148;76;203;b_FortAngayen1;x;
490;154;84;209;b_FortAngayen2;x;
491;165;91;222;b_FortAngayen3;x;
492;174;94;236;b_FortAngayen4;x;
493;128;84;207;b_HelemarBayou1;x;
494;117;78;189;b_HelemarBayou2;x;
495;144;94;236;b_HelemarBayou3;x;
496;203;19;231;b_ClubsHandle1;x;
497;179;15;204;b_ClubsHandle2;x;
498;213;53;27;b_AngayenJungle1;x;
499;197;48;24;b_AngayenJungle2;x;
500;149;13;170;b_TheLilyPadVillage1;x;
501;124;10;141;b_TheLilyPadVillage2;x;
502;89;14;100;b_TheLilyPadVillage3;x;
503;222;86;167;b_TheLilyPadShops1;x;
504;212;81;159;b_TheLilyPadShops2;x;
505;202;68;61;b_TheLilyPadPenisula1;x;
506;211;78;71;b_TheLilyPadPenisula2;x;
507;217;84;77;b_TheLilyPadPenisula3;x;
508;199;52;80;b_SilamarForest1;x;
509;189;46;73;b_SilamarForest2;x;
510;184;43;70;b_SilamarForest3;x;
511;185;73;110;b_LinkFort1;x;
512;205;82;123;b_LinkFort2;x;
513;211;84;126;b_LinkFort3;x;
514;190;40;90;b_Shinar1;x;
515;173;36;81;b_Shinar2;x;
516;161;32;74;b_Shinar3;x;
517;193;62;87;b_Shenhua1;x;
518;204;66;92;b_Shenhua2;x;
519;215;69;97;b_Shenhua3;x;
520;147;233;147;b_Cilyanar1;x;
521;154;244;154;b_Cilyanar2;x;
522;150;237;150;b_Cilyanar3;x;
523;2;151;23;b_CrowStatue;x;
524;144;209;129;b_Cemnamar1;x;
525;135;197;121;b_Cemnamar2;x;
526;139;202;125;b_Cemnamar3;x;
527;164;214;133;b_TzEel1;x;
528;158;206;129;b_TzEel2;x;
529;169;221;138;b_TzEel3;x;
530;115;141;79;b_Kajal1;x;
531;129;157;91;b_Kajal2;x;
532;150;180;108;b_Kajal3;x;
533;187;221;138;b_LaicaRille1;x;
534;189;204;110;b_LaicaRille2;x;
535;221;147;134;b_Ajmenkol1;x;
536;221;159;134;b_Ajmenkol2;x;
537;162;16;157;b_Kaluko1;x;
538;165;42;161;b_Kaluko2;x;
539;178;48;174;b_Kaluko3;x;
540;163;26;158;b_Kaluko4;x;
541;126;11;122;b_Kaluko5;x;
542;151;45;37;b_Zalisko1;x;
543;139;33;25;b_Zalisko2;x;
544;144;56;21;b_Zalisko3;x;
545;127;46;14;b_Zalisko4;x;
546;189;16;191;b_Que1;x;
547;157;13;159;b_Que2;x;
548;112;11;134;b_Pantoko1;x;
549;124;12;148;b_Pantoko2;x;
550;178;101;192;b_Morlinmar1;x;
551;149;85;161;b_Morlinmar2;x;
552;141;80;152;b_Morlinmar3;x;
553;222;117;218;b_Locendur1;x;
554;197;99;193;b_Locendur1;x;
555;222;117;201;b_Locendur3;x;
556;182;111;114;b_NantianMonastary1;x;
557;203;127;130;b_NantianMonastary2;x;
558;234;146;150;b_NantianMonastary3;x;
559;215;134;138;b_NantianMonastary4;x;
560;215;194;131;b_Noaztalo1;x;
561;221;200;134;b_Noaztalo2;x;
562;200;177;114;b_Noaztalo3;x;
563;138;221;206;b_ChiSai1;x;
564;138;221;197;b_ChiSai2;x;
565;125;205;182;b_ChiSai3;x;
566;52;185;136;b_TzaUmtil1;x;
567;54;197;145;b_TzaUmtil2;x;
568;23;163;158;b_Squaa1;x;
569;21;150;145;b_Squaa2;x;
570;18;75;140;b_MarchOfTears1;x;
571;11;51;95;b_MarchOfTears2;x;
572;13;65;123;b_MarchOfTears3;x;
573;107;171;110;b_Nekomar1;x;
574;160;252;160;b_Cilyanar4;x;
575;53;172;59;b_Nekomar2;x;
576;20;164;64;b_Nekomar3;x;
577;18;154;60;b_Nekomar4;x;
578;17;150;58;b_Nekomar5;x;
579;17;86;38;b_Huacorn1;x;
580;19;95;42;b_Huacorn2;x;
581;20;103;46;b_Huacorn3;x;
582;17;170;64;b_Huacorn4;x;
583;20;180;69;b_Huacorn5;x;
584;82;31;145;b_Bayalis1;x;
585;92;49;144;b_Bayalis2;x;
586;81;16;162;b_Bayalis3;x;
587;112;103;75;b_Kuangdor;x;
588;221;144;157;b_DragonStatue;x;
589;91;109;166;b_ValdamarPath1;x;
590;103;122;185;b_ValdamarPath2;x;
591;99;117;176;b_ValdamarPath3;x;
592;91;125;166;b_SoironRiverFarms1;x;
593;85;117;157;b_SoironRiverFarms2;x;
594;77;109;149;b_SoironRiverFarms3;x;
595;65;105;128;b_NornanField1;x;
596;77;125;149;b_NornanField2;x;
597;71;115;140;b_NornanField3;x;
598;84;146;141;b_ValdamarLowlands1;x;
599;65;126;128;b_ValdamarLowlands2;x;
600;68;135;137;b_ValdamarLowlands3;x;
601;88;127;150;b_Valdamar1;x;
602;93;135;159;b_Valdamar2;x;
603;103;149;175;b_Valdamar3;x;
604;99;142;167;b_Valdamar4;x;
605;89;155;150;b_FornoisianFarms1;x;
606;93;163;157;b_FornoisianFarms2;x;
607;89;145;147;b_FornoisianFarms3;x;
608;94;153;155;b_FornoisianFarms4;x;
609;111;109;198;b_NatsuragiTagi1;x;
610;115;113;206;b_NatsuragiTagi2;x;
611;122;120;217;b_NatsuragiTagi3;x;
612;120;118;216;b_NatsuragiTagi4;x;
613;67;52;178;b_ThreeCitiesCross1;x;
614;69;56;165;b_ThreeCitiesCross2;x;
615;68;56;154;b_ThreeCitiesCross3;x;
616;93;104;182;b_Autepalar1;x;
617;83;93;164;b_Autepalar2;x;
618;72;81;150;b_Autepalar3;x;
619;56;117;46;b_LiangWay1;x;
620;45;98;36;b_LiangWay2;x;
621;29;63;24;b_LiangWay3;x;
622;38;84;31;b_LiangWay4;x;
623;136;237;120;b_ForestOfDun1;x;
624;128;222;112;b_ForestOfDun2;x;
625;125;212;111;b_ForestOfDun3;x;
626;4;15;4;b_VesteflotVillage1;x;
627;11;11;66;b_Grenouille1;x;
628;13;13;84;b_Grenouille2;x;
629;9;9;53;b_Grenouille3;x;
630;4;17;5;b_VesteflotVillage2;x;
631;7;26;8;b_VesteflotVillage3;x;
632;42;133;51;b_Ridde1;x;
633;37;115;44;b_Ridde2;x;
634;33;107;33;b_VillageOfDun1;x;
635;27;85;27;b_VillageOfDun2;x;
636;24;73;24;b_VillageOfDun3;x;
637;11;33;12;b_RiverValley1;x;
638;14;41;16;b_RiverValley2;x;
639;14;38;12;b_RiverValley3;x;
640;10;26;8;b_Dun1;x;
641;24;64;20;b_Dun2;x;
642;28;73;24;b_Dun3;x;
643;20;54;17;b_Dun4;x;
644;7;15;7;b_ForestOfSarenis1;x;
645;22;52;22;b_ForestOfSarenis2;x;
646;13;29;13;b_ForestOfSarenis3;x;
647;68;107;47;b_FornoisValley1;x;
648;59;93;41;b_FornoisValley2;x;
649;34;77;54;b_LiangVillage1;x;
650;49;104;75;b_LiangVillage2;x;
651;45;94;68;b_LiangVillage3;x;
652;22;69;36;b_WatermillOfLewnde1;x;
653;24;76;40;b_WatermillOfLewnde2;x;
654;18;54;29;b_WatermillOfLewnde3;x;
655;181;183;37;b_Maerun1;x;
656;167;169;31;b_Maerun2;x;
657;161;163;27;b_Maerun3;x;
658;202;176;29;b_Yongliang1;x;
659;221;193;40;b_Yongliang2;x;
660;206;180;36;b_YongliangFarms1;x;
661;121;83;23;b_YongliangFarms2;x;
662;136;92;23;b_YongliangFarms3;x;
663;231;233;58;b_ChunSpring1;x;
664;236;238;57;b_ChunSpring2;x;
665;135;139;105;b_PigCliffSide1;x;
666;114;118;85;b_PigCliffSide2;x;
667;197;202;159;b_DregalonPath1;x;
668;178;182;145;b_DregalonPath2;x;
669;199;203;164;b_DregalonPath3;x;
670;178;203;164;b_MinesOfIron1;x;
671;214;175;175;b_MinesOfIron2;x;
672;201;163;163;b_MinesOfIron3;x;
673;144;172;154;b_DrakoMoindre1;x;
674;150;180;162;b_DrakoMoindre2;x;
675;126;154;137;b_DrakoMoindre3;x;
676;152;182;136;b_WolfPath1;x;
677;154;195;132;b_WolfPath2;x;
678;213;200;172;b_SheepsRest1;x;
679;201;189;162;b_SheepsRest2;x;
680;179;168;142;b_GrandTemple1;x;
681;166;155;130;b_GrandTemple2;x;
682;173;162;136;b_GrandTemple3;x;
683;58;41;22;b_MountDreghalon1;x;
684;79;58;33;b_MountDreghalon2;x;
685;100;77;50;b_MountDreghalon3;x;
686;82;62;39;b_MountDreghalon4;x;
687;112;104;66;b_MountGerdhalon1;x;
688;136;127;83;b_MountGerdhalon2;x;
689;148;138;90;b_MountGerdhalon3;x;
690;107;99;58;b_MountGerdhalon4;x;
691;189;134;231;b_FishermansRiver1;x;
692;182;130;222;b_FishermansRiver2;x;
693;203;160;234;b_FishermansRiver3;x;
694;194;153;224;b_LiangCrossing1;x;
695;181;139;211;b_LiangCrossing2;x;
696;135;94;166;b_LiangCrossing3;x;
697;153;111;184;b_AlmadorianShrine1;x;
698;168;123;202;b_LiangCrossing3;x;
699;166;127;211;b_AlmadorianShrine1;x;
700;173;131;219;b_AlmadorianShrine2;x;
701;176;135;223;b_AlmadorianShrine3;x;
702;200;142;243;b_BurntDownVillage1;x;
703;192;133;236;b_BurntDownVillage2;x;
704;222;147;249;b_BurntDownVillage3;x;
705;143;8;50;b_GraveOfAMinister1;x;
706;138;7;48;b_GraveOfAMinister2;x;
707;156;16;59;b_TimberExpansePath1;x;
708;171;20;67;b_TimberExpansePath2;x;
709;189;21;73;b_TimberExpansePath3;x;
710;147;43;99;b_RiverBoatPort1;x;
711;162;52;112;b_RiverBoatPort2;x;
712;172;56;119;b_RiverBoatPort3;x;
713;157;62;91;b_PineExpanse1;x;
714;156;65;93;b_PineExpanse2;x;
715;171;75;104;b_PineExpanse3;x;
716;144;112;175;b_TimberJungle1;x;
717;153;119;187;b_TimberJungle2;x;
718;135;103;166;b_TimberJungle3;x;
719;148;92;231;b_AlmadorianCamp1;x;
720;142;100;205;b_AlmadorianCamp2;x;
721;146;97;218;b_AlmadorianCamp3;x;
722;152;134;202;b_HillsOfTimber1;x;
723;135;116;189;b_HillsOfTimber2;x;
724;126;109;175;b_HillsOfTimber3;x;
725;101;92;160;b_FortLingrewe1;x;
726;103;91;180;b_FortLingrewe2;x;
727;111;99;194;b_FortLingrewe3;x;
728;99;74;139;b_GhurenTown1;x;
729;103;78;143;b_GhurenTown2;x;
730;121;97;158;b_GhurenTown3;x;
731;105;84;138;b_GhurenTown4;x;
732;88;21;111;b_LunwirmarPass1;x;
733;79;17;100;b_LunwirmarPass2;x;
734;158;75;185;b_DrakoveinHill1;x;
735;172;83;201;b_DrakoveinHill2;x;
736;187;91;218;b_DrakoveinHill3;x;
737;100;17;56;b_LunwirmarCity1;x;
738;118;25;69;b_LunwirmarCity2;x;
739;95;19;55;b_LunwirmarCity3;x;
740;131;38;60;b_TempleOfLunwirmar1;x;
741;120;36;56;b_TempleOfLunwirmar2;x;
742;107;31;49;b_TempleOfLunwirmar3;x;
743;86;44;51;b_ArenaOfLunwirmar1;x;
744;138;68;80;b_ArenaOfLunwirmar1;x;
745;164;96;108;b_ArenaOfLunwirmar3;x;
746;184;105;118;b_ArenaOfLunwirmar4;x;
747;17;48;18;b_FormenshanPass1;x;
748;14;52;16;b_FormenshanPass2;x;
749;13;43;14;b_FormenshanPass3;x;
750;23;73;47;b_Umbravien1;x;
751;17;48;32;b_Umbravien2;x;
752;44;105;74;b_Umbravien3;x;
753;33;97;64;b_Umbravien4;x;
754;29;45;9;b_NorsPass1;x;
755;34;45;9;b_NorsPass2;x;
756;35;45;9;b_NorsPass3;x;
757;16;83;84;b_NornansPath1;x;
758;23;89;90;b_NornansPath2;x;
759;19;74;75;b_NornansPath3;x;
760;60;147;56;b_ForestOfMornan1;x;
761;70;135;67;b_ForestOfMornan2;x;
762;77;159;74;b_ForestOfMornan3;x;
763;16;95;14;b_BruForest1;x;
764;15;74;14;b_BruForest2;x;
765;15;63;14;b_BruForest3;x;
766;12;68;11;b_DwarfFort1;x;
767;24;60;14;b_DwarfFort2;x;
768;31;75;19;b_DwarfFort3;x;
769;36;82;24;b_DrakoPenisula1;x;
770;56;99;45;b_DrakoPenisula1;x;
771;79;116;70;b_DrakoPenisula2;x;
772;68;104;59;b_DrakoPenisula3;x;
773;48;130;46;b_ForestOfTears1;x;
774;58;147;56;b_ForestOfTears2;x;
775;58;160;56;b_ForestOfTears3;x;
776;39;137;37;b_ForestOfTears4;x;
777;39;173;111;b_IsolatedTemple1;x;
778;32;155;98;b_IsolatedTemple2;x;
779;27;136;86;b_IsolatedTemple3;x;
780;27;35;136;b_ArishanForest1;x;
781;22;29;118;b_ArishanForest2;x;
782;16;23;108;b_ArishanForest3;x;
783;12;18;90;b_ArishanForest4;x;
784;20;66;128;b_ClearingOfNornan1;x;
785;12;45;90;b_ClearingOfNornan2;x;
786;17;58;114;b_ClearingOfNornan3;x;
787;22;102;97;b_Roskov1;x;
788;15;85;81;b_Roskov2;x;
789;10;62;59;b_Roskov3;x;
790;39;102;98;b_FarnamarMountain1;x;
791;61;147;142;b_FarnamarMountain2;x;
792;49;126;122;b_FarnamarMountain3;x;
793;103;183;178;b_Fanamar1;x;
794;68;150;145;b_Fanamar2;x;
795;81;162;157;b_Fanamar3;x;
796;53;128;102;b_FanamarForest1;x;
797;73;160;130;b_FanamarForest2;x;
798;61;146;117;b_FanamarForest3;x;
799;32;101;56;b_ForestOfDreams1;x;
800;39;103;61;b_ForestOfDreams2;x;
801;56;121;79;b_ForestOfDreams3;x;
802;40;73;107;b_FanamarPort1;x;
803;58;97;137;b_FanamarPort2;x;
804;68;108;150;b_FanamarPort3;x;
805;145;118;24;b_SteppeOfMaerun1;x;
806;123;99;16;b_SteppeOfMaerun2;x;
807;128;103;18;b_SteppeOfMaerun3;x;
808;164;143;29;b_FarmingRiver1;x;
809;145;126;24;b_FarmingRiver2;x;
810;153;133;25;b_FarmingRiver3;x;
811;210;212;28;b_ChunHotSprings1;x;
812;200;202;29;b_ChunHotSprings2;x;
813;193;195;29;b_ChunHotSprings3;x;
814;159;249;79;Seas1;x;
815;171;249;79;Seas2;x;
816;247;249;79;Seas3;x;
817;83;249;79;Seas4;x;
818;131;63;95;Seas5;x;
819;138;165;152;Seas6;x;
820;243;90;74;Seas7;x;
821;217;216;118;Seas8;x;
822;235;109;33;Seas9;x;
823;231;89;89;Seas10;x;
824;97;125;230;Seas11;x;
825;96;234;82;Seas12;x;
826;135;97;230;Seas13;x;
827;230;97;228;Seas14;x;
828;107;97;230;Seas15;x;
829;63;131;88;Seas16;x;
830;111;63;131;Seas17;x;
831;131;63;122;Seas18;x;
832;119;249;79;Seas19;x;
833;223;249;79;Seas20;x;
834;112;231;60;Seas21;x;
835;60;217;231;Seas22;x;
836;235;88;88;Seas23;x;
837;231;178;130;Seas24;x;
838;152;101;182;Seas25;x;
839;182;162;101;Seas26;x;
840;113;168;83;Seas27;x;
841;173;210;83;Seas28;x;
842;154;101;65;Seas29;x;
843;146;210;83;Seas30;x;
844;213;146;113;Seas31;x;
845;219;190;148;Seas32;x;
846;152;149;231;Seas33;x;
847;225;211;201;Seas34;x;
848;166;231;149;Seas35;x;
849;149;193;231;Seas36;x;
850;193;149;231;Seas37;x;
851;200;161;100;Seas38;x;
852;149;172;231;Seas39;x;
853;149;231;191;Seas40;x;
854;218;149;231;Seas41;x;
855;249;217;140;Seas42;x;
856;249;140;145;Seas43;x;
857;231;149;216;Seas44;x;
858;222;140;249;Seas45;x;
859;249;140;173;Seas46;x;
860;186;140;249;Seas47;x;
861;196;140;249;Seas48;x;
862;249;183;140;Seas49;x;
863;72;60;231;Seas50;x;
864;239;111;111;b_Pangnin1;x;
865;227;105;105;b_Pangnin2;x;
866;255;119;119;b_Pangnin3;x;
867;47;227;161;b_LhumarSuburbs1;x;
868;45;220;156;b_LhumarSuburbs2;x;
869;50;243;172;b_LhumarSuburbs3;x;
870;44;219;213;b_Lingrinwe1;x;
871;46;225;218;b_Lingrinwe2;x;
872;47;235;228;b_Lingrinwe3;x;
873;46;229;106;b_TempleGardens1;x;
874;45;223;103;b_TempleGardens2;x;
875;50;243;113;b_TempleGardens3;x;
876;163;147;58;b_JinjiJanConstabulatory1;x;
877;152;137;54;b_JinjiJanConstabulatory2;x;
878;144;130;50;b_JinjiJanConstabulatory3;x;
879;175;158;62;b_JinjiJanConstabulatory4;x;
880;135;240;224;b_Sachomar1;x;
881;112;213;198;b_Sachomar2;x;
882;116;221;205;b_Sachomar3;x;
883;108;202;188;b_Sachomar4;x;
884;94;179;166;b_Sachomar5;x;
885;34;11;113;b_DawouPass1;x;
886;30;9;101;b_DawouPass2;x;
887;12;12;124;b_RicePaddies1;x;
888;17;17;115;b_RicePaddies2;x;
889;10;10;113;b_Ulleshara;x;
890;141;243;50;b_Lhumar1;x;
891;243;131;50;b_Lhumar2;x;
892;209;22;211;b_Lhumar3;x;
893;241;243;50;b_Lhumar4;x;
894;206;160;21;b_Lhumar5;x;
895;160;206;21;b_Lhumar6;x;
896;48;193;20;b_Lhumar7;x;
897;11;113;73;Seas51;x;
898;10;64;43;Seas52;x;
899;84;11;111;b_AlfhuangVillage1;x;
900;89;12;118;b_AlfhuangVillage2;x;
901;72;11;95;b_AlfhuangVillage3;x;
902;114;11;94;b_TanyanTown1;x;
903;90;8;74;b_TanyanTown2;x;
904;104;9;85;b_TanyanTown3;x;
905;124;12;102;b_TanyanTown4;x;
906;86;201;55;b_YamuWei1;x;
907;85;195;55;b_YamuWei2;x;
908;93;214;60;b_YamuWei3;x;
909;60;214;67;b_Yamudawou1;x;
910;53;192;60;b_Yamudawou2;x;
911;51;184;120;b_Piken1;x;
912;49;175;114;b_Piken2;x;
913;55;197;129;b_Piken3;x;
914;81;149;103;b_Karneihua1;x;
915;75;139;96;b_Karneihua2;x;
916;68;129;88;b_Karneihua3;x;
917;61;120;80;b_Karneihua4;x;
918;127;167;57;b_BaijioHill1;x;
919;116;153;50;b_BaijioHill2;x;
920;82;135;154;b_Tarwe;x;
921;84;139;159;b_Udalonwe;x;
922;94;156;179;b_Ilethneas;x;
923;91;152;174;b_Thamaneas;x;
924;87;144;164;b_Ulleshara;x;
925;48;24;57;b_Uzberzhya1;x;
926;61;31;72;b_Uzberzhya2;x;
927;95;48;112;b_Uzberzhya3;x;
928;69;35;81;b_Uzberzhya4;x;
929;107;54;126;b_Uzberzhya5;x;
930;127;58;137;b_BerehSribnyy1;x;
931;117;54;126;b_BerehSribnyy2;x;
932;137;63;148;b_BerehSribnyy3;x;
933;132;58;142;b_BerehSribnyy4;x;
934;101;43;64;b_TsarskyShlyakh1;x;
935;90;38;56;b_TsarskyShlyakh2;x;
936;78;32;48;b_TsarskyShlyakh3;x;
937;89;39;80;b_TsarkyHora1;x;
938;101;43;91;b_TsarkyHora2;x;
939;42;95;101;b_Tossagrad1;x;
940;49;110;117;b_Tossagrad2;x;
941;19;43;46;b_Tossagrad3;x;
942;33;77;82;b_Tossagrad4;x;
943;25;55;59;b_Tossagrad5;x;
944;27;61;65;b_Tossagrad6;x;
945;174;103;145;b_TossagradHill1;x;
946;161;95;134;b_TossagradHill2;x;
947;188;111;156;b_Tossaroki1;x;
948;185;110;154;b_Tossaroki2;x;
949;161;95;123;b_RovaBalreska1;x;
950;154;91;117;b_RovaBalreska2;x;
951;148;87;113;b_RovaBalreska3;x;
952;137;81;104;b_RovaBalreska4;x;
953;165;129;202;b_Stezhkahora1;x;
954;172;134;210;b_Stezhkahora2;x;
955;158;124;192;b_Stezhkahora3;x;
956;207;134;210;b_KhirovShlyakh1;x;
957;203;130;206;b_KhirovShlyakh2;x;
958;197;123;168;b_Khirov1;x;
959;189;119;162;b_Khirov2;x;
960;175;110;150;b_Khirov3;x;
961;137;58;165;b_VologdanMarshes1;x;
962;132;57;159;b_VologdanMarshes2;x;
963;127;55;152;b_VologdanMarshes3;x;
964;73;181;159;b_VologdaCitadel1;x;
965;69;173;152;b_VologdaCitadel2;x;
966;66;166;146;b_VologdaCitadel3;x;
967;64;161;142;b_VologdaCitadel4;x;
968;57;145;128;b_VologdaCitadel5;x;
969;69;173;130;b_VologdaFarms1;x;
970;73;179;136;b_VologdaFarms2;x;
971;65;165;124;b_VologdaFarms3;x;
972;74;191;143;b_VologdaFarms4;x;
973;66;173;174;b_BerezanLightHouse;x;
974;76;205;103;b_PheonixExodus1;x;
975;83;226;113;b_PheonixExodus2;x;
976;70;186;95;b_PheonixExodus3;x;
977;195;191;74;b_Tonton1;x;
978;157;154;59;b_Tonton2;x;
979;145;142;55;b_Tonton3;x;
980;197;176;80;b_Tonton4;x;
981;181;162;70;b_Tonton5;x;
982;224;199;87;b_Erikannka1;x;
983;206;183;81;b_Erikannka2;x;
984;197;175;77;b_Erikannka3;x;
985;149;109;39;b_Igickza1;x;
986;165;121;45;b_Igickza2;x;
987;133;97;35;b_Igickza3;x;
988;155;114;42;b_Igickza4;x;
989;18;21;112;b_Neuheim1;x;
990;17;20;128;b_Neuheim2;x;
991;25;63;110;b_NovaBalreska1;x;
992;27;66;115;b_NovaBalreska2;x;
993;28;69;120;b_NovaBalreska3;x;
994;31;72;124;b_NovaBalreska4;x;
995;33;77;132;b_NovaBalreska5;x;
996;80;169;206;b_Verkhnya1;x;
997;75;155;189;b_Verkhnya2;x;
998;70;152;187;b_Verkhnya3;x;
999;74;162;199;b_Verkhnya4;x;
1000;68;153;188;b_NeuBoloto1;x;
1001;66;145;178;b_NeuBoloto2;x;
1002;61;137;168;b_NeuBoloto3;x;
1003;68;144;188;b_Astor1;x;
1004;66;137;178;b_Astor2;x;
1005;62;130;169;b_Astor3;x;
1006;38;121;198;b_Orenia1;x;
1007;27;95;159;b_Orenia2;x;
1008;28;103;173;b_Orenia3;x;
1009;35;113;186;b_Orenia4;x;
1010;31;60;186;b_DuristBog1;x;
1011;28;55;173;b_DuristBog1;x;
1012;31;42;186;b_OreniaWoods1;x;
1013;30;40;181;b_OreniaWoods2;x;
1014;25;28;128;b_Neuheim3;x;
1015;25;27;132;b_Neuheim4;x;
1016;146;46;74;b_CarthyaCity1;x;
1017;157;49;79;b_CarthyaCity2;x;
1018;169;51;84;b_CarthyaCity3;x;
1019;177;53;88;b_CarthyaCity4;x;
1020;154;48;78;b_CarthyaCity5;x;
1021;162;49;81;b_CarthyaCity6;x;
1022;183;44;83;b_AngelsPeak1 ;x;
1023;188;44;85;b_AngelsPeak2;x;
1024;195;45;87;b_AngelsPeak3;x;
1025;210;76;104;b_RaphieIsle1;x;
1026;218;74;105;b_RaphieIsle2;x;
1027;225;77;108;b_RaphieIsle3;x;
1028;175;62;118;b_BedOfRed1;x;
1029;169;62;115;b_BedOfRed2;x;
1030;168;63;115;b_BedOfRed3;x;
1031;209;60;88;b_DarrowBurrow1;x;
1032;223;66;95;b_DarrowBurrow2;x;
1033;176;51;136;b_BakusForest1;x;
1034;186;47;142;b_BakusForest2;x;
1035;197;53;151;b_BakusForest3;x;
1036;188;53;110;b_WilldomsPalace1;x;
1037;194;55;114;b_WilldomsPalace2;x;
1038;198;54;115;b_WilldomsPalace3;x;
1039;203;69;110;b_TossovichHills1;x;
1040;219;74;118;b_TossovichHills2;x;
1041;213;77;118;b_TossovichHills3;x;
1042;199;75;112;b_TossovichHills4;x;
1043;184;38;79;b_FardhacForest1;x;
1044;190;38;81;b_FardhacForest2;x;
1045;189;36;79;b_FardhacForest3;x;
1046;173;61;92;b_TinyPlains1;x;
1047;174;62;93;b_TinyPlains2;x;
1048;167;59;89;b_TinyPlains3;x;
1049;146;30;92;b_KeenoHills1;x;
1050;154;29;96;b_KeenoHills2;x;
1051;151;31;95;b_KeenoHills3;x;
1052;184;55;124;b_ZephsOpening1;x;
1053;173;45;114;b_ZephsOpening2;x;
1054;189;53;126;b_ZephsOpening3;x;
1055;188;48;97;b_CherniksClearing1;x;
1056;178;49;95;b_CherniksClearing2;x;
1057;170;46;90;b_CherniksClearing3;x;
1058;157;43;84;b_CherniksClearing4;x;
1059;163;43;86;b_CherniksClearing5;x;
1060;196;191;99;b_Volkoregrod1;x;
1061;190;185;92;b_Volkoregrod2;x;
1062;202;197;101;b_Volkoregrod3;x;
1063;195;190;96;b_Volkoregrod4;x;
1064;187;182;90;b_Volkoregrod5;x;
1065;180;175;81;b_Volkoregrod6;x;
1066;206;221;78;b_Volksr1;x;
1067;187;201;69;b_Volksr2;x;
1068;192;206;73;b_Volksr3;x;
1069;201;215;80;b_Volksr4;x;
1070;195;214;69;b_Volksr5;x;
1071;179;197;59;b_Sigrun1;x;
1072;187;205;64;b_Sigrun2;x;
1073;191;210;66;b_Sigrun3;x;
1074;230;228;69;b_Azurov1;x;
1075;236;234;67;b_Azurov2;x;
1076;241;239;68;b_Azurov3;x;
1077;241;227;68;b_Bjornsnull1;x;
1078;227;214;70;b_Bjornsnull2;x;
1079;235;221;69;b_Bjornsnull3;x;
1080;215;203;67;b_Bjornsnull4;x;
1081;198;147;58;b_Erebor1;x;
1082;193;142;53;b_Erebor2;x;
1083;188;138;50;b_Erebor3;x;
1084;211;180;72;b_Erebor1;x;
1085;204;173;67;b_Erebor2;x;
1086;195;165;63;b_Tsarogrod1;x;
1087;183;154;54;b_Tsarogrod2;x;
1088;195;164;56;b_Tsarogrod3;x;
1089;171;143;48;b_Tsarogrod4;x;
1090;178;149;50;b_Tsarogrod5;x;
1091;160;132;38;b_Zelenria1;x;
1092;165;136;38;b_Zelenria2;x;
1093;171;142;42;b_Zelenria3;x;
1094;169;150;71;b_Phinks1;x;
1095;187;165;76;b_Phinks2;x;
1096;178;157;71;b_Phinks3;x;
1097;163;139;47;b_Orphus1;x;
1098;152;130;43;b_Orphus2;x;
1099;171;146;48;b_Orphus3;x;
1100;181;161;82;b_RyzaniSummerPalace1;x;
1101;190;169;88;b_RyzaniSummerPalace2;x;
1102;170;150;71;b_RyzaniSummerPalace3;x;
1103;177;157;79;b_RyzaniSummerPalace4;x;
1104;78;140;27;b_Tsarograd1;x;
1105;74;133;26;b_Tsarograd2;x;
1106;84;148;33;b_Tsarograd3;x;
1107;114;190;53;b_BalreskaPik1;x;
1108;118;197;54;b_BalreskaPik2;x;
1109;126;210;58;b_BalreskaPik3;x;
1110;87;158;30;b_Nepik1;x;
1111;101;172;43;b_Nepik2;x;
1112;94;165;38;b_Nepik3;x;
1113;19;19;134;b_Nebskograd1;x;
1114;21;21;137;b_Nebskograd2;x;
1115;26;26;146;b_Nebskograd3;x;
1116;23;23;141;b_Nebskograd4;x;
1117;29;29;162;b_Perungrod1;x;
1118;24;24;153;b_Perungrod2;x;
1119;27;27;159;b_Perungrod3;x;
1120;23;23;147;b_Perungrod4;x;
1121;45;45;175;b_Svarograd1;x;
1122;48;48;185;b_Svarograd2;x;
1123;53;53;189;b_Svarograd3;x;
1124;31;31;158;b_Rodzanicesgrad1;x;
1125;32;32;165;b_Rodzanicesgrad2;x;
1126;29;29;161;b_Rodzanicesgrad3;x;
1127;28;28;153;b_Marannagrod1;x;
1128;32;32;157;b_Marannagrod2;x;
1129;36;36;162;b_Marannagrod3;x;
1130;32;32;149;b_Slouttawa1;x;
1131;33;33;155;b_Slouttawa2;x;
1132;31;31;145;b_Slouttawa3;x;
1133;31;31;147;b_Slouttawa4;x;
1134;32;44;133;b_Velergore1;x;
1135;32;41;133;b_Velergore2;x;
1136;32;46;133;b_Velergore3;x;
1137;28;30;126;b_Zamozan1;x;
1138;28;32;126;b_Zamozan2;x;
1139;28;34;126;b_Zamozan3;x;
1140;18;21;110;b_Gdanycian1;x;
1141;18;23;110;b_Gdanycian2;x;
1142;18;25;110;b_Gdanycian3;x;
1143;64;205;117;b_Veldski1;x;
1144;67;212;122;b_Veldski2;x;
1145;68;217;124;b_Veldski3;x;
1146;42;173;90;b_Newminister1 ;x;
1147;45;179;94;b_Newminister2;x;
1148;53;174;97;b_Newminister3;x;
1149;179;253;252;LakeNebskolevia;x;
1150;57;162;96;b_Whelstone1;x;
1151;52;155;90;b_Whelstone2;x;
1152;45;145;82;b_Whelstone3;x;
1153;49;149;86;b_Whelstone4;x;
1154;56;180;102;b_Newminister4;x;
1155;72;208;122;b_Newminister5;x;
1156;64;202;115;b_Gdanycian1;x;
1157;64;177;106;b_Gdanycian2;x;
1158;65;183;109;b_Gdanycian3;x;
1159;47;26;73;b_Lebadville1;x;
1160;46;24;73;b_Lebadville2;x;
1161;47;25;74;b_Lebadville3;x;
1162;59;17;102;b_Chudniv1;x;
1163;56;17;102;b_Chudniv2;x;
1164;58;17;102;b_Chudniv3;x;
1165;58;23;99;b_Khyriv1;x;
1166;61;23;99;b_Khyriv2;x;
1167;59;23;99;b_Khyriv3;x;
1168;73;29;128;b_Skalat1;x;
1169;74;29;128;b_Skalat2;x;
1170;75;29;128;b_Skalat3;x;
1171;76;29;128;b_Skalat4;x;
1172;46;20;69;b_NovyiKalyniv1;x;
1173;47;20;69;b_NovyiKalyniv2;x;
1174;44;20;69;b_NovyiKalyniv3;x;
1175;55;27;84;b_Xaburya1;x;
1176;56;27;84;b_Xaburya2;x;
1177;54;27;84;b_Xaburya3;x;
1178;57;27;84;b_Xaburya4;x;
1179;58;27;84;b_Xaburya5;x;
1180;49;23;76;b_StaryiSambir1;x;
1181;51;23;76;b_StaryiSambir2;x;
1182;47;23;76;b_StaryiSambir3;x;
1183;32;32;154;b_Slouttawa5;x;
1184;46;76;8;b_NovogrodCity1;x;
1185;46;72;8;b_NovogrodCity2;x;
1186;49;89;15;b_BurCity1;x;
1187;49;89;13;b_BurCity2;x;
1188;49;89;11;b_BurCity3;x;
1189;56;140;25;b_RemtalCity1;x;
1190;56;140;31;b_RemtalCity2;x;
1191;56;140;29;b_RemtalCity3;x;
1192;56;149;29;b_RemtalCity4;x;
1193;56;140;27;b_RemtalCity5;x;
1194;65;162;21;b_GekanBay1;x;
1195;65;165;21;b_GekanBay2;x;
1196;65;168;21;b_GekanBay3;x;
1197;72;170;29;b_Burken1;x;
1198;72;172;29;b_Burken2;x;
1199;98;207;53;b_Torchtown1;x;
1200;98;202;53;b_Torchtown2;x;
1201;59;160;20;b_Karlsfell1;x;
1202;59;157;20;b_Karlsfell2;x;
1203;59;153;20;b_Karlsfell3;x;
1204;135;100;30;b_Gekoslav1;x;
1205;135;103;30;b_Gekoslav2;x;
1206;135;97;30;b_Gekoslav3;x;
1207;124;92;24;b_Nadia1;x;
1208;124;95;24;b_Nadia2;x;
1209;124;98;24;b_Nadia3;x;
1210;124;88;24;b_Nadia4;x;
1211;165;117;32;b_Remira1;x;
1212;165;117;38;b_Remira2;x;
1213;200;146;38;b_Gekimir1;x;
1214;200;149;38;b_Gekimir2;x;
1215;200;141;38;b_Gekimir3;x;
1216;167;123;33;b_Svetlana1;x;
1217;167;118;33;b_Svetlana2;x;
1218;150;119;29;b_Zoryana1;x;
1219;150;114;29;b_Zoryana2;x;
1220;150;110;29;b_Zoryana3;x;
1221;150;106;29;b_Zoryana4;x;
1222;32;124;47;b_Irinika1;x;
1223;32;128;47;b_Irinika2;x;
1224;32;133;47;b_Irinika3;x;
1225;32;136;47;b_Irinika4;x;
1226;37;135;52;b_Liborad1;x;
1227;37;138;52;b_Liborad2;x;
1228;37;141;52;b_Liborad3;x;
1229;41;136;56;b_Stoyanka1;x;
1230;41;139;56;b_Stoyanka2;x;
1231;41;132;56;b_Stoyanka3;x;
1232;37;144;52;b_Stoyanka4;x;
1233;40;143;56;b_Zoromir1;x;
1234;40;146;56;b_Zoromir2;x;
1235;40;153;56;b_Zoromir3;x;
1236;40;150;56;b_Zoromir4;x;
1237;40;143;40;b_Liberium1;x;
1238;40;149;40;b_Liberium2;x;
1239;40;146;40;b_Liberium3;x;
1240;40;155;40;b_Liberium4;x;
1241;40;152;40;b_Liberium5;x;
1242;40;155;43;b_Liberium6;x;
1243;47;144;40;b_ClockworkCity1;x;
1244;47;140;40;b_ClockworkCity2;x;
1245;47;148;40;b_ClockworkCity3;x;
1246;165;117;35;b_Remira3;x;
1247;72;179;29;b_Tatyanka1;x;
1248;72;175;29;b_Tatyanka2;x;
1249;46;74;8;b_NovogrodCity3;x;
1250;15;15;26;b_RyzaniMountains1;x;
1251;15;15;19;b_RyzaniMountains2;x;
1252;15;15;20;b_RyzaniMountains3;x;
1253;15;15;22;b_RyzaniMountains4;x;
1254;15;15;23;b_RyzaniMountains5;x;
1255;15;15;24;b_RyzaniMountains6;x;
1256;15;15;25;b_RyzaniMountains7;x;
1257;15;15;27;b_RyzaniMountains8;x;
1258;15;15;28;b_RyzaniMountains9;x;
1259;15;15;29;b_RyzaniMountains10;x;
1260;1;1;1;b_DuetzaniHeights1;x;
1261;1;1;2;b_DuetzaniHeights2;x;
1262;1;1;3;b_DuetzaniHeights3;x;
1263;1;1;4;b_DuetzaniHeights4;x;
1264;1;1;5;b_DuetzaniHeights5;x;
1265;1;1;6;b_DuetzaniHeights6;x;
1266;1;1;7;b_DuetzaniHeights7;x;
1267;1;1;8;b_DuetzaniHeights8;x;
1268;1;1;9;b_DuetzaniHeights9;x;
1269;1;1;10;b_DuetzaniHeights10;x;
1270;1;1;11;b_DuetzaniHeights11;x;
1271;1;1;12;b_DuetzaniHeights12;x;
1272;1;1;13;b_DuetzaniHeights13;x;
1273;1;1;14;b_DuetzaniHeights14;x;
1274;1;1;15;b_DuetzaniHeights15;x;
1275;1;1;16;b_DuetzaniHeights16;x;
1276;1;1;17;b_DuetzaniHeights17;x;
1277;1;1;18;b_DuetzaniHeights18;x;
1278;1;1;19;b_DuetzaniHeights19;x;
1279;1;1;20;b_DuetzaniHeights20;x;
1280;1;1;21;b_AshuranHeights2;x;
1281;1;1;22;b_AshuranHeights3;x;
1282;1;1;23;b_AshuranHeights4;x;
1283;1;1;24;b_AshuranHeights5;x;
1284;1;1;25;b_AshuranHeights6;x;
1285;1;1;26;b_AshuranHeights7;x;
1286;1;1;27;b_AshuranHeights8;x;
1287;1;1;28;b_AshuranHeights9;x;
1288;1;1;29;b_AshuranHeights10;x;
1289;1;1;30;b_AshuranHeights11;x;
1290;1;1;31;b_AshuranHeights12;x;
1291;1;1;32;b_AshuranHeights13;x;
1292;1;1;33;b_AshuranHeights14;x;
1293;1;1;34;b_AshuranHeights15;x;
1294;1;1;35;b_AshuranHeights16;x;
1295;1;1;36;b_AshuranHeights17;x;
1296;1;1;37;b_AshuranHeights18;x;
1297;1;1;38;b_AshuranHeights19;x;
1298;1;1;39;b_AshuranHeights20;x;
1299;1;1;40;b_AshuranHeights21;x;
1300;1;1;41;b_AshuranHeights22;x;
1301;1;1;42;b_AurlunorHeights1;x;
1302;1;1;43;b_AurlunorHeights2;x;
1303;1;1;44;b_AurlunorHeights3;x;
1304;1;1;45;b_AurlunorHeights4;x;
1305;1;1;46;b_AurlunorHeights5;x;
1306;1;1;47;b_AurlunorHeights6;x;
1307;1;1;48;b_AurlunorHeights7;x;
1308;1;1;49;b_AurlunorHeights8;x;
1309;1;1;50;b_AurlunorHeights9;x;
1310;1;1;51;b_AurlunorHeights10;x;
1311;1;1;52;b_DuetzaniHeights21;x;
1312;231;80;21;b_Dragoonios1;x;
1313;231;84;21;b_Dragoonios2;x;
1314;231;85;21;b_Dragoonios3;x;
1315;231;89;21;b_Dragoonios4;x;
1316;231;88;21;b_Dragoonios5;x;
1317;231;87;21;b_Dragoonios6;x;
1318;231;86;21;b_Dragoonios7;x;
1319;181;72;18;b_Tenebrisa1;x;
1320;181;73;18;b_Tenebrisa2;x;
1321;181;74;18;b_Tenebrisa3;x;
1322;231;117;21;b_EastBank1;x;
1323;231;120;21;b_EastBank2;x;
1324;231;119;21;b_EastBank3;x;
1325;231;105;21;b_Tanaxios1;x;
1326;231;106;21;b_Tanaxios2;x;
1327;231;116;21;b_Tanaxios3;x;
1328;231;131;21;b_Khonepos1;x;
1329;231;130;21;b_Khonepos2;x;
1330;231;65;21;b_Ramtopia1;x;
1331;231;66;21;b_Ramtopia2;x;
1332;231;64;21;b_Buzaxios1;x;
1333;231;50;21;b_Ramtopia3;x;
1334;231;51;21;b_Ramtopia4;x;
1335;231;49;21;b_Ramtopia5;x;
1336;166;52;230;b_SuburbsDragoonia1;x;
1337;166;54;230;b_SuburbsDragoonia2;x;
1338;166;48;230;b_SuburbsDragoonia3;x;
1339;166;46;230;b_SuburbsDragoonia4;x;
1340;145;54;230;b_ZasRo1;x;
1341;145;56;230;b_ZasRo2;x;
1342;120;59;230;b_Lucius1;x;
1343;120;54;230;b_Lucius2;x;
1344;120;61;230;b_Lucius3;x;
1345;120;55;230;b_Lucius4;x;
1346;120;57;230;b_Lucius5;x;
1347;82;220;68;b_Poobshire1;x;
1348;82;222;68;b_Poobshire2;x;
1349;82;218;68;b_Poobshire3;x;
1350;82;224;68;b_Poobshire4;x;
1351;184;231;65;b_NefertankCrest1;x;
1352;184;233;65;b_NefertankCrest2;x;
1353;199;242;89;b_Epipsic1;x;
1354;199;248;89;b_Epipsic2;x;
1355;199;250;89;b_Epipsic3;x;
1356;117;218;68;b_AmunshroudKnoll1;x;
1357;117;222;68;b_AmunshroudKnoll2;x;
1358;145;215;68;b_Thelysia1;x;
1359;145;210;68;b_Thelysia2;x;
1360;145;218;68;b_Thelysia3;x;
1361;145;205;68;b_Thelysia4;x;
1362;225;99;64;b_TopsTours1;x;
1363;225;102;64;b_TopsTours2;x;
1364;225;100;64;b_TopsTours3;x;
1365;206;119;61;b_Mephet1;x;
1366;206;124;61;b_Mephet2;x;
1367;215;41;27;b_Inqui1;x;
1368;215;42;27;b_Inqui2;x;
1369;215;40;27;b_Inqui3;x;
1370;210;95;40;b_FortEmperor1;x;
1371;210;97;40;b_FortEmperor2;x;
1372;210;92;40;b_FortEmperor3;x;
1373;243;60;59;b_Nardak1;x;
1374;243;59;59;b_Nardak2;x;
1375;219;53;37;b_Riverrun1;x;
1376;219;55;37;b_Riverrun2;x;
1377;219;57;37;b_Riverrun3;x;
1378;219;56;37;b_Riverrun4;x;
1379;219;58;37;b_Riverrun5;x;
1380;219;59;37;b_Riverrun6;x;
1381;241;216;65;b_Arvik1;x;
1382;241;217;65;b_Arvik2;x;
1383;241;218;65;b_Arvik3;x;
1384;246;248;88;b_Mavos1;x;
1385;246;247;88;b_Mavos2;x;
1386;246;246;88;b_Mavos3;x;
1387;246;245;88;b_Mavos4;x;
1388;244;211;22;b_Ost1;x;
1389;244;212;22;b_Ost2;x;
1390;244;210;45;b_NewSarvas1;x;
1391;244;211;45;b_NewSarvas2;x;
1392;244;213;45;b_NewSarvas3;x;
1393;244;212;45;b_NewSarvas4;x;
1394;244;209;45;b_NewSarvas5;x;
1395;244;208;45;b_NewSarvas6;x;
1396;103;210;66;b_Leeps1;x;
1397;103;211;66;b_Leeps2;x;
1398;120;200;83;b_Luperkania1;x;
1399;120;201;83;b_Luperkania2;x;
1400;120;202;83;b_Luperkania3;x;
1401;82;202;40;b_Leeperkania1;x;
1402;82;203;40;b_Leeperkania2;x;
1403;103;49;155;b_Thura1;x;
1404;103;50;155;b_Thura2;x;
1405;103;51;155;b_Thura3;x;
1406;103;52;155;b_Thura4;x;
1407;123;49;194;b_Nighthaven1;x;
1408;123;50;194;b_Nighthaven2;x;
1409;123;51;194;b_Nighthaven3;x;
1410;123;52;194;b_Nighthaven4;x;
1411;123;53;194;b_Nighthaven5;x;
1412;123;36;206;b_HillsValle1;x;
1413;123;37;206;b_HillsValle2;x;
1414;123;38;206;b_HillsValle3;x;
1415;123;39;206;b_HillsValle4;x;
1416;99;27;169;b_ValleVerde1;x;
1417;99;28;169;b_ValleVerde2;x;
1418;99;29;169;b_ValleVerde3;x;
1419;99;30;169;b_ValleVerde4;x;
1420;169;102;234;b_Altrik1;x;
1421;169;103;234;b_Altrik2;x;
1422;169;104;234;b_Altrik3;x;
1423;169;105;234;b_Altrik4;x;
1424;169;106;234;b_Altrik5;x;
1425;78;24;130;b_Irontree1;x;
1426;146;88;202;b_AltrikSuburbs1;x;
1427;146;89;202;b_AltrikSuburbs2;x;
1428;146;90;202;b_AltrikSuburbs3;x;
1429;146;91;202;b_AltrikSuburbs4;x;
1430;229;199;23;b_Chkaset1;x;
1431;229;198;23;b_Chkaset2;x;
1432;229;200;23;b_Chkaset3;x;
1433;229;173;23;b_Ilsip1 ;x;
1434;229;174;23;b_Ilsip2;x;
1435;248;224;88;b_Taro1;x;
1436;248;225;88;b_Taro2;x;
1437;248;226;88;b_Taro3;x;
1438;248;227;88;b_Taro4;x;
1439;248;228;88;b_Taro5;x;
1440;228;196;15;b_June1;x;
1441;228;197;15;b_June2;x;
1442;228;198;15;b_June3;x;
1443;228;199;15;b_June4;x;
1444;228;200;15;b_June5;x;
1445;229;200;38;b_Khateum1;x;
1446;229;201;38;b_Khateum2;x;
1447;229;202;38;b_Khateum3;x;
1448;232;205;49;b_Aleh1;x;
1449;232;206;49;b_Aleh2;x;
1450;232;207;49;b_Aleh3;x;
1451;230;205;63;b_ZalRoc1;x;
1452;230;206;63;b_ZalRoc2;x;
1453;230;207;63;b_ZalRoc3;x;
1454;230;208;63;b_ZalRoc4;x;
1455;230;209;63;b_ZalRoc5;x;
1456;237;158;74;b_OstraVakten1;x;
1457;237;159;74;b_OstraVakten2;x;
1458;237;160;74;b_OstraVakten3;x;
1459;237;161;74;b_OstraVakten4;x;
1460;217;127;55;b_Lemebah1;x;
1461;217;128;55;b_Lemebah2;x;
1462;217;129;55;b_Lemebah3;x;
1463;217;130;55;b_Lemebah4;x;
1464;237;146;74;b_Aragon1;x;
1465;237;147;74;b_Aragon2;x;
1466;237;148;74;b_Aragon3;x;
1467;237;165;74;b_Aragon4;x;
1468;237;152;74;b_Chronicle1;x;
1469;237;151;74;b_Chronicle2;x;
1470;237;153;74;b_Chronicle3;x;
1471;120;245;83;b_Nermou1;x;
1472;120;246;83;b_Nermou2;x;
1473;120;247;83;b_Nermou3;x;
1474;120;248;83;b_Nermou4;x;
1475;120;249;83;b_Nermou5;x;
1476;129;237;94;b_Dionysus1;x;
1477;129;236;94;b_Dionysus2;x;
1478;129;235;94;b_Dionysus3;x;
1479;237;154;74;b_Abaton1;x;
1480;237;155;74;b_Abaton2;x;
1481;237;156;74;b_Abaton3;x;
1482;237;150;74;b_Akh1;x;
1483;237;149;74;b_Akh2;x;
1484;22;27;217;b_Seas51;x;
1485;31;22;217;b_Seas52;x;
1486;54;22;217;b_Seas53;x;
1487;77;22;217;b_Seas54;x;
1488;105;22;217;b_Seas55;x;
1489;146;22;217;b_Seas56;x;
1490;196;22;217;b_Seas57;x;
1491;22;155;217;b_Seas58;x;
1492;86;217;22;b_Seas59;x;
1493;22;183;217;b_Seas60;x;
1494;72;217;22;b_Seas61;x;
1495;54;217;22;b_Seas62;x;
1496;123;217;22;b_Seas63;x;
1497;27;217;22;b_Seas64;x;
1498;22;201;217;b_Seas65;x;
1499;22;215;217;b_Seas66;x;
1500;22;217;210;b_Seas67;x;
1501;22;217;40;b_Seas68;x;
1502;22;217;68;b_Seas69;x;
1503;22;217;178;b_Seas70;x;
1504;22;217;105;b_Seas71;x;
1505;22;217;155;b_Seas72;x;
1506;22;217;128;b_Seas73;x;
1507;141;217;22;b_Seas74;x;
1508;183;217;22;b_Seas75;x;
1509;196;217;22;b_Seas76;x;
1510;217;206;22;b_Seas77;x;
1511;217;183;22;b_Seas78;x;
1512;217;160;22;b_Seas79;x;
1513;22;63;217;b_Seas80;x;
1514;22;82;217;b_Seas81;x;
1515;22;105;217;b_Seas82;x;
1516;22;91;217;b_Seas83;x;
1517;22;128;217;b_Seas84;x;
1518;22;141;217;b_Seas85;x;
1519;145;110;17;b_NewDorasterrock1;x;
1520;145;111;17;b_NewDorasterrock2;x;
1521;145;115;17;b_NewDorasterrock3;x;
1522;145;112;17;b_NewDorasterrock4;x;
1523;145;113;17;b_NewDorasterrock5;x;
1524;145;114;17;b_NewDorasterrock6;x;
1525;80;47;9;b_NieuwBruggedam1;x;
1526;80;46;9;b_NieuwBruggedam2;x;
1527;80;48;9;b_NieuwBruggedam3;x;
1528;80;49;9;b_NieuwBruggedam4;x;
1529;80;39;9;b_NorthReach1;x;
1530;80;40;9;b_NorthReach2;x;
1531;80;32;9;b_Astriya1;x;
1532;80;33;9;b_Astriya2;x;
1533;80;34;9;b_Astriya3;x;
1534;80;35;9;b_Astriya4;x;
1535;80;36;9;b_Astriya5;x;
1536;145;98;17;b_Assisi1;x;
1537;145;99;17;b_Assisi2;x;
1538;145;120;17;b_Shelbia1;x;
1539;145;122;17;b_Shelbia2;x;
1540;145;121;17;b_Shelbia3;x;
1541;145;123;17;b_Shelbia4;x;
1542;145;105;17;b_Verona1;x;
1543;145;106;17;b_Verona2;x;
1544;145;107;17;b_Verona3;x;
1545;112;74;17;b_Trieste1 ;x;
1546;112;75;17;b_Trieste2;x;
1547;112;76;17;b_Trieste3;x;
1548;112;77;17;b_Parma1;x;
1549;112;78;17;b_Parma2;x;
1550;112;71;17;b_Taramo1;x;
1551;112;72;17;b_Taramo2;x;
1552;99;66;16;b_Midan1;x;
1553;99;67;16;b_Midan2;x;
1554;99;68;16;b_Midan3;x;
1555;99;69;16;b_Anas1;x;
1556;99;70;16;b_Anas2;x;
1557;99;71;16;b_Anas3;x;
1558;145;103;17;b_Trani1;x;
1559;145;102;17;b_Trani2;x;
1560;145;86;17;b_Molfetta1;x;
1561;145;87;17;b_Molfetta2;x;
1562;145;88;17;b_Molfetta3;x;
1563;145;89;17;b_Gela1;x;
1564;145;90;17;b_Gela2;x;
1565;129;66;16;b_Duckberg1;x;
1566;129;67;16;b_Duckberg2;x;
1567;129;68;16;b_Duckberg3;x;
1568;120;62;15;b_Vasteria1;x;
1569;120;63;15;b_Vasteria2;x;
1570;120;64;15;b_Vasteria3;x;
1571;120;65;15;b_Vasteria4;x;
1572;120;66;15;b_Vasteria5;x;
1573;110;58;16;b_VasteriVlam1;x;
1574;110;59;16;b_VasteriVlam2;x;
1575;110;60;16;b_Gerkum1;x;
1576;110;61;16;b_Gerkum2;x;
1577;110;62;16;b_Gerkum3;x;
1578;162;33;16;b_Ludreus1;x;
1579;162;34;16;b_Ludreus2;x;
1580;162;35;16;b_Ludreus3;x;
1581;162;36;16;b_Ludreus4;x;
1582;162;37;16;b_Ludreus5;x;
1583;174;33;14;b_Kankertoren1;x;
1584;174;34;14;b_Kankertoren2;x;
1585;174;35;14;b_Kankertoren3;x;
1586;174;36;14;b_Kankertoren4;x;
1587;191;47;28;b_Konigsfeld1;x;
1588;191;48;28;b_Konigsfeld2;x;
1589;152;34;18;b_Teilt1;x;
1590;152;35;18;b_Teilt2;x;
1591;148;32;17;b_Hugel1;x;
1592;148;33;17;b_Hugel2;x;
1593;129;29;16;b_WhiteCliffsOfSyltor1;x;
1594;129;30;16;b_WhiteCliffsOfSyltor2;x;
1595;129;31;16;b_WhiteCliffsOfSyltor3;x;
1596;137;31;17;b_Stehlen1;x;
1597;137;32;17;b_Stehlen2;x;
1598;118;18;5;b_PortSolanaria1;x;
1599;118;19;5;b_PortSolanaria2;x;
1600;118;20;5;b_PortSolanaria3;x;
1601;118;21;5;b_PortSolanaria4;x;
1602;118;22;5;b_PortSolanaria5;x;
1603;124;19;5;b_Taters1;x;
1604;124;20;5;b_Taters2;x;
1605;124;21;5;b_Taters3;x;
1606;124;22;5;b_Taters4;x;
1607;181;38;9;b_TheTuber1;x;
1608;181;39;9;b_TheTuber2;x;
1609;181;40;9;b_TheTuber3;x;
1610;191;41;10;b_Spud1;x;
1611;191;42;10;b_Spud2;x;
1612;178;39;10;b_Patania1;x;
1613;178;40;10;b_Patania2;x;
1614;178;41;10;b_Patania3;x;
1615;137;21;4;b_Yamatania1;x;
1616;137;22;4;b_Yamatania2;x;
1617;137;23;4;b_Yamatania3;x;
1618;15;73;79;b_Troszczak1;x;
1619;15;74;79;b_Troszczak2;x;
1620;15;75;79;b_Troszczak3;x;
1621;12;55;59;b_Mozt1;x;
1622;12;56;59;b_Mozt2;x;
1623;12;57;59;b_Mozt3;x;
1624;12;58;59;b_Mozt4;x;
1625;10;48;52;b_Trost1;x;
1626;10;49;52;b_Trost2;x;
1627;10;50;52;b_Trost3;x;
1628;10;51;52;b_Trost4;x;
1629;10;52;52;b_Trost5;x;
1630;12;63;69;b_Eirad1;x;
1631;12;64;69;b_Eirad2;x;
1632;12;65;69;b_Eirad3;x;
1633;11;56;61;b_Novus1;x;
1634;11;57;61;b_Novus2;x;
1635;11;58;61;b_Novus3;x;
1636;9;36;47;b_Aekad1;x;
1637;9;37;47;b_Aekad2;x;
1638;9;38;47;b_Aekad3;x;
1639;6;26;34;b_Annor1;x;
1640;6;27;34;b_Annor2;x;
1641;6;28;34;b_Annor3;x;
1642;6;30;40;b_BardoniaCity1;x;
1643;6;31;40;b_BardoniaCity2;x;
1644;6;32;40;b_BardoniaCity3;x;
1645;6;33;40;b_BardoniaCity4;x;
1646;6;34;40;b_BardoniaCity5;x;
1647;6;35;40;b_BardoniaCity6;x;
1648;7;31;41;b_NewAekad1;x;
1649;7;32;41;b_NewAekad2;x;
1650;7;33;41;b_NewAekad3;x;
1651;7;34;41;b_NewAekad4;x;
1652;7;35;41;b_NewAekad5;x;
1653;8;41;38;b_Leanitor1;x;
1654;8;42;38;b_Leanitor2;x;
1655;8;43;38;b_Leanitor3;x;
1656;12;52;48;b_Virothen1;x;
1657;12;53;48;b_Virothen2;x;
1658;12;54;48;b_Virothen3;x;
1659;12;55;48;b_Virothen4;x;
1660;12;56;48;b_Virothen5;x;
1661;12;57;48;b_Virothen6;x;
1662;15;67;61;b_Sylwester1;x;
1663;15;68;61;b_Sylwester2;x;
1664;15;69;61;b_Sylwester3;x;
1665;21;84;78;b_Sylwesterrock1;x;
1666;21;85;78;b_Sylwesterrock2;x;
1667;21;86;78;b_Sylwesterrock3;x;
1668;19;76;71;b_Starfall1;x;
1669;19;77;71;b_Starfall2;x;
1670;19;78;71;b_Starfall3;x;
1671;12;57;43;b_MediciEstate1;x;
1672;12;58;43;b_MediciEstate2;x;
1673;12;59;43;b_MediciEstate3;x;
1674;18;64;50;b_MediciGrandeur1;x;
1675;18;65;50;b_MediciGrandeur2;x;
1676;14;57;44;b_PalazzoMediceo1;x;
1677;14;58;44;b_PalazzoMediceo2;x;
1678;12;52;40;b_MediciManor1;x;
1679;12;53;40;b_MediciManor2;x;
1680;12;54;40;b_MediciManor3;x;
1681;12;55;40;b_MediciManor4;x;
1682;12;56;40;b_MediciManor5;x;
1683;12;57;40;b_MediciManor6;x;
1684;16;84;44;b_Suzhou1;x;
1685;16;85;44;b_Suzhou2;x;
1686;16;86;44;b_Suzhou3;x;
1687;16;87;44;b_Suzhou4;x;
1688;15;74;39;b_Yulin1;x;
1689;15;75;39;b_Yulin2;x;
1690;15;76;39;b_Yulin3;x;
1691;13;63;33;b_Luzhou1;x;
1692;13;64;33;b_Luzhou2;x;
1693;10;52;27;b_Yuzhen1;x;
1694;10;53;27;b_Yuzhen2;x;
1695;10;54;27;b_Yuzhen3;x;
1696;10;55;27;b_Yuzhen4;x;
1697;10;56;27;b_Yuzhen5;x;
1698;10;57;27;b_Yuzhen6;x;
1699;11;87;19;b_Chema1;x;
1700;11;88;19;b_Chema2;x;
1701;18;113;28;b_Zappota1;x;
1702;18;114;28;b_Zappota2;x;
1703;12;97;21;b_Piorita1;x;
1704;12;98;21;b_Piorita2;x;
1705;12;99;21;b_Piorita3;x;
1706;7;68;13;b_Scipiu1;x;
1707;7;69;13;b_Scipiu2;x;
1708;7;70;13;b_Scipiu3;x;
1709;4;59;10;b_Lobopolis1;x;
1710;4;60;10;b_Lobopolis2;x;
1711;4;61;10;b_Lobopolis3;x;
1712;4;62;10;b_Lobopolis4;x;
1713;4;63;10;b_Lobopolis5;x;
1714;6;69;13;b_Boccanza1;x;
1715;6;70;13;b_Boccanza2;x;
1716;6;71;13;b_Boccanza3;x;
1717;7;80;15;b_Voltita1;x;
1718;7;81;15;b_Voltita2;x;
1719;13;83;5;b_NewBaronov1;x;
1720;13;84;5;b_NewBaronov2;x;
1721;13;85;5;b_NewBaronov3;x;
1722;13;86;5;b_NewBaronov4;x;
1723;9;52;3;b_Cerese1;x;
1724;9;53;3;b_Cerese2;x;
1725;10;60;4;b_PortKlipzchia1;x;
1726;10;61;4;b_PortKlipzchia2;x;
1727;10;62;4;b_PortKlipzchia3;x;
1728;10;63;4;b_PortKlipzchia4;x;
1729;10;64;4;b_PortKlipzchia5;x;
1730;10;64;6;b_Lavoreto1;x;
1731;10;65;6;b_Lavoreto2;x;
1732;10;66;6;b_Lavoreto3;x;
1733;12;75;5;b_Praticoli1;x;
1734;12;76;5;b_Praticoli2;x;
1735;12;77;5;b_Praticoli3;x;
1736;9;59;4;b_Fluenta1;x;
1737;9;60;4;b_Fluenta2;x;
1738;9;61;4;b_Fluenta3;x;
1739;9;62;4;b_Fluenta4;x;
1740;9;63;4;b_Fluenta5;x;
1741;9;64;4;b_Fluenta6;x;
1742;6;58;15;b_Pintano1;x;
1743;6;59;15;b_Pintano2;x;
1744;6;60;15;b_Pintano3;x;
1745;6;61;15;b_Palone1;x;
1746;6;62;15;b_Palone2;x;
1747;6;63;15;b_Palone3;x;
1748;6;68;16;b_Cavallese1;x;
1749;6;69;16;b_Cavallese2;x;
1750;6;70;16;b_Cavallese3;x;
1751;6;71;16;b_Cavallese4;x;
1752;7;81;19;b_Fontefaina1;x;
1753;7;82;19;b_Fontefaina2;x;
1754;7;83;19;b_Fontefaina3;x;
1755;10;97;24;b_Dorasterrock1;x;
1756;10;98;24;b_Dorasterrock2;x;
1757;10;99;24;b_Dorasterrock3;x;
1758;10;100;24;b_Dorasterrock4;x;
1759;10;101;24;b_Dorasterrock5;x;
1760;10;102;24;b_Dorasterrock6;x;
1761;13;155;43;b_Terrock1;x;
1762;13;156;43;b_Terrock2;x;
1763;13;157;43;b_Dorast1;x;
1764;13;158;43;b_Dorast2;x;
1765;14;131;39;b_Antanella1;x;
1766;14;132;39;b_Antanella2;x;
1767;14;133;39;b_Antanella3;x;
1768;20;131;39;b_Ficino1;x;
1769;20;132;39;b_Ficino2;x;
1770;12;124;36;b_Ravenheart1;x;
1771;12;125;36;b_Ravenheart2;x;
1772;12;126;36;b_Ravenheart3;x;
1773;5;96;24;b_Nixbough1;x;
1774;5;97;24;b_Nixbough2;x;
1775;5;98;24;b_Nixbough3;x;
1776;5;99;24;b_Nixbough4;x;
1777;8;107;29;b_Eastborrow1;x;
1778;8;108;29;b_Eastborrow2;x;
1779;8;109;29;b_Eastborrow3;x;
1780;10;116;32;b_NewRosa1;x;
1781;10;117;32;b_NewRosa2;x;
1782;10;118;32;b_NewRosa3;x;
1783;10;119;32;b_NewRosa4;x;
1784;10;120;32;b_NewRosa5;x;
1785;75;4;48;b_Septa1;x;
1786;75;5;48;b_Septa2;x;
1787;75;6;48;b_Septa3;x;
1788;75;7;48;b_Septa4;x;
1789;75;8;48;b_Septa5;x;
1790;74;10;50;b_Cavafiore1;x;
1791;74;11;50;b_Cavafiore2;x;
1792;74;12;50;b_Cavafiore3;x;
1793;105;6;67;b_Pwou1;x;
1794;105;7;67;b_Pwou2;x;
1795;116;15;77;b_Valdicara1;x;
1796;116;16;77;b_Valdicara2;x;
1797;116;17;77;b_Valdicara3;x;
1798;127;10;82;b_Tortara1;x;
1799;127;11;82;b_Tortara2;x;
1800;127;12;82;b_Tortara3;x;
1801;90;4;57;b_Meroreto;x;
1802;90;5;57;b_Meroreto;x;
1803;90;6;57;b_Meroreto;x;
1804;90;7;57;b_Meroreto;x;
1805;83;7;63;b_MadmansPeak1;x;
1806;83;8;63;b_MadmansPeak2;x;
1807;83;9;63;b_MadmansPeak3;x;
1808;83;10;63;b_MadmansPeak4;x;
1809;83;11;63;b_MadmansPeak5;x;
1810;91;10;69;b_Hyria1;x;
1811;91;11;69;b_Hyria2;x;
1812;91;12;69;b_Hyria3;x;
1813;91;13;69;b_Hyria4;x;
1814;91;14;69;b_Hyria5;x;
1815;91;15;69;b_Hyria6;x;
1816;101;10;77;b_Hyrialite1;x;
1817;101;11;77;b_Hyrialite2;x;
1818;101;12;77;b_Hyrialite3;x;
1819;101;13;77;b_Hyrialite4;x;
1820;101;14;77;b_Hyrialite5;x;
1821;113;13;87;b_Fentabrada1;x;
1822;113;14;87;b_Fentabrada2;x;
1823;113;15;87;b_Fentabrada3;x;
1824;113;16;87;b_Fentabrada4;x;
1825;71;3;75;b_Aelteria1;x;
1826;71;4;75;b_Aelteria2;x;
1827;71;5;75;b_Aelteria3;x;
1828;71;6;75;b_Aelteria4;x;
1829;95;4;100;b_Leria1;x;
1830;95;5;100;b_Leria2;x;
1831;95;6;100;b_Leria3;x;
1832;108;5;114;b_Valluno1;x;
1833;108;6;114;b_Valluno2;x;
1834;87;3;91;b_Verzanella1;x;
1835;87;4;91;b_Verzanella2;x;
1836;87;5;91;b_Verzanella3;x;
1837;87;6;91;b_Verzanella4;x;
1838;110;9;96;b_Pompara1;x;
1839;110;10;96;b_Pompara2;x;
1840;110;11;96;b_Pompara3;x;
1841;100;5;87;b_Genona1;x;
1842;100;6;87;b_Genona2;x;
1843;100;7;87;b_Genona3;x;
1844;105;7;92;b_Roncenze1;x;
1845;105;8;92;b_Roncenze2;x;
1846;76;2;66;b_Yuh1;x;
1847;76;3;66;b_Yuh2;x;
1848;97;2;84;b_Monstagnum1;x;
1849;97;3;84;b_Monstagnum2;x;
1850;97;4;84;b_Monstagnum3;x;
1851;97;5;84;b_Monstagnum4;x;
1852;97;6;84;b_Monstagnum5;x;
1853;8;39;42;b_Steinburg1 ;x;
1854;8;40;42;b_Steinburg2;x;
1855;8;41;42;b_Steinburg3;x;